{"centroids": [[-0.44550623905164805, -0.21297273089458338, -0.28365905311978107, -0.19622039954724618, -0.16527696659853744, -0.0674904994888187, 0.32760943792621083, -0.47234163203820567, -0.27275434314970176], [1.3266103846154103, -0.3650423339974422, -0.5244474252611038, -0.39281660906577315, -0.6892379652265476, 0.39181236676663755, -1.276275650791448, 1.354341797220181, -0.6049633898344322], [-0.8262939538514195, 1.3179482336887258, 1.8209446516583236, 1.3111161997841614, 1.7187009389764705, -0.4523342196898607, 1.1231704423823, -0.7866184911104265, 1.9235317120955577]], "mean": [38.27005988023952, 41.108976047904186, 6.8156886227544895, 46.89021497005987, 17144.688622754493, 7.781832335329342, 70.55568862275449, 2.947964071856287, 12964.155688622754], "std": [40.208004855842226, 27.32981499352428, 2.73860108505131, 24.136996342000135, 19220.26226708728, 10.539007566505427, 8.866505666235797, 1.5093082600512293, 18273.746049847687]}